pop_id,spp,gfe_id,sys_nm,geom_mean
3119,CM,2090,AIRPORT SIDE CHANNEL,1386.560366
3122,CM,2092,GARBAGE DUMP CREEK,191.257027
3125,CM,2093,GEORGE HALL CREEK,66.25080087
3128,CM,2095,SKIMLETS CREEK,13.207709
3129,CM,2096,WALKER ISLAND CREEK,201.246118
3132,CM,2239,CLAYTON FALLS CREEK,64.49936159
3135,CM,2242,THORSEN CREEK,4378.575783
3138,CM,2244,NOOHALK CREEK,334.6763352
3141,CM,2245,NOOKLIKONNIK CREEK,3781.871398
3143,CM,2246,FISH CREEK,443.3541149
3145,CM,2250,NUSATSUM RIVER,300
3163,CM,3403,SALLOOMT RIVER,1287.102928
3174,CM,2241,TASTSQUAN CREEK,547.8809653
3232,CM,2830,KAMIN CREEK,1750
3233,CM,2831,GOIN CREEK,87.82849635
3418,CM,2686,JANE CREEK,
3421,CM,2688,BULLOCK CHANNEL EAST CREEK,188.141904
3423,CM,2689,BULLOCK CHANNEL #2 CREEK,2017.588927
3425,CM,2690,BULLOCK CHANNEL #3 NORTH CREEK,478.5684574
3427,CM,2691,BULLOCK CHANNEL #3 SOUTH CREEK,270.1517782
3450,CM,3555,JENNY BAY EAST CREEK,141.9042809
3452,CM,2693,JENNY BAY SOUTH CREEK,358.8395019
3454,CM,2692,JENNY BAY WEST CREEK,1489.46719
39766,CM,1436,HEAD CREEK,480.3907698
42703,CM,1821,GULL CREEK,206.601673
42708,CM,1822,OSMENT CREEK,90.96201199
42713,CM,1823,KWAKWA CREEK,43.2140147
42718,CM,1824,MEYERS PASS CREEK,230.3342108
42723,CM,1825,GORILLA CREEK,927.8642915
42728,CM,1826,REAK CREEK,40
42733,CM,1827,PENO CREEK,121.5313021
42738,CM,1828,CALDER CREEK,171.988841
42743,CM,1829,LAGOON CREEK,107.0281526
42748,CM,1830,MARY COVE CREEK,42.47886266
42753,CM,1831,WATSON BAY CREEK,95.07045719
42758,CM,1832,BOTTLENECK CREEK,200.1523983
42763,CM,1833,JAMES BAY CREEK,417.1920657
42768,CM,1834,CANYON CREEK,316.0187991
42773,CM,1835,GEISH CREEK,92.00560868
42778,CM,1836,DUTHIE CREEK,1099.82245
42783,CM,1837,WINDY BAY CREEK,195.0409639
42788,CM,1838,CANOONA RIVER,22.23881524
42793,CM,1839,SODA CREEK,623.535219
42828,CM,1588,LAGOON CREEK,8478.792571
42863,CM,1595,THORSEN CREEK,636.7690545
43243,CM,1809,MCLOUGHLIN CREEK,991.1261829
43248,CM,1810,SHIP POINT CREEK,50.85593416
43253,CM,1811,WAHGILAH CREEK,75
43258,CM,1812,SOUND POINT LAGOON CREEK,399.4525341
43263,CM,1813,KWAKUSDIS RIVER,5219.089663
43268,CM,1814,HAUSER CREEK,84.10074275
43273,CM,1840,LITTLE CREEK,1157.577872
43288,CM,1709,WINDY BAY CREEK,28.96994816
43658,CM,1784,DE COSMOS LAGOON CREEK,106.8555871
43663,CM,1785,CRAB HARBOUR CREEK,113.7740302
43668,CM,1786,WATT CREEK,135.7208808
43673,CM,1787,KILDIDT CREEK,98.69162814
43683,CM,1789,STEWART CREEK,212.1320344
43698,CM,1792,GRASSY BAY CREEK,9.486832981
43703,CM,1793,KISAMEET RIVER,283.797645
43708,CM,1794,SAGAR CREEK,353.4238079
43718,CM,1796,HOOK NOSE CREEK,1480.101902
43723,CM,1797,FOUR LAKES CREEK,320.9051277
43733,CM,1799,GREEN RIVER,26.32037512
43738,CM,1800,KADJUSDIS RIVER,2010.208701
43743,CM,1801,KUNSOOT RIVER,3427.496406
43748,CM,1802,DREW CREEK,4.160167646
43758,CM,1804,SALLY CREEK,207.9846407
43763,CM,1805,LILIAN CREEK,8
43768,CM,1806,DEER PASS LAGOON CREEKS,144.4665559
43773,CM,1807,WEBSTER LAKE CREEK,953.2457529
43778,CM,1808,KWAKIUTL CREEK,64.6330407
43783,CM,1815,ROBINSON CREEKS,242.3714085
43788,CM,1816,BULLEY BAY CREEK,775.7493747
43793,CM,1817,PRICE CREEK,1597.7545
43803,CM,1841,QUIGLEY CREEK,37.68134342
43808,CM,1842,POWLES CREEK,78.66703331
43813,CM,1843,BLEE CREEK,217.1826709
43818,CM,1844,BLOOMFIELD CREEK,81.92933373
43823,CM,1845,FIFER COVE CREEK,26.16640886
43828,CM,1846,DALLY CREEK,64.65813103
43863,CM,1848,OTTY CREEK,6
43873,CM,1850,ARNOUP CREEK,966.4034647
43878,CM,1851,RONALD CREEK,77.98938889
43883,CM,1852,NIAS CREEK,2916.463702
43888,CM,1853,PACKE CREEK,65.5297751
43893,CM,1854,TYLER CREEK,2312.041017
43898,CM,1855,PYNE CREEK,531.4282025
43903,CM,1856,BUSEY CREEK,43.19485123
43908,CM,1857,TRAHEY CREEK,62.09480455
43913,CM,1858,STEEP CREEK,124.1980356
43918,CM,1859,DALLAIN CREEK,87.20817818
43923,CM,1860,TALAMOOSA CREEK,167.1198457
43933,CM,1862,EVINRUDE CREEK,102.660322
43938,CM,1863,WALE CREEK,56.86609002
43993,CM,1874,LIMESTONE CREEK,487.7383395
43998,CM,1875,FURY CREEK,106.3701045
44003,CM,1876,DON CREEK,72.5180733
44008,CM,1877,LINNEA CREEK,554.3507773
44013,CM,1878,DUFFEY CREEK,879.6935833
44023,CM,1880,KDELMASHAN CREEK,1331.646042
44028,CM,1881,SENTINEL CREEK,68.34159093
44033,CM,1882,CLIFFORD CREEK,265.9698076
44038,CM,1883,FLUX CREEK,907.4851732
44043,CM,1884,MCDONALD CREEK,177.0616286
44048,CM,1885,LITTLE KETTLE CREEK,282.5766354
44053,CM,1886,SALMON CREEK,136.3984476
44058,CM,1887,EAGLE CREEK,1044.127628
44063,CM,1888,TRENEMAN CREEK,54.21163303
44068,CM,1889,STANNARD CREEK,371.8209413
44078,CM,1891,WEST CREEK,144.984001
44178,CM,1911,LAGOON CREEK,239.7298302
44183,CM,1912,STEWART CREEK,557.7512745
44418,CM,1959,HEAD CREEK,12.37989848
45305,CM,2030,KLEMTU CREEK,1091.16655
45644,CM,358,ATNARKO SPAWNING CHANNEL,39.43041846
45830,CM,390,PERRY CREEK,200
46052,CM,184,STEELHEAD CREEK,
47583,CM,486,PRICE CREEK,25
47985,CM,30,WEST CREEK,108.2140028
48426,CM,439,LEE CREEK,304.1100998
48502,CM,454,JOHNSTON CREEK,197.0238963
48970,CM,789,WEST CREEK,189.2317443
49550,CM,899,RAINBOW CREEK,386.4748487
49752,CM,926,HOGAN CREEK,31.58179799
49762,CM,928,DRANEY CREEK,2200.956747
49767,CM,929,LOCKHART GORDON CREEK,2414.521345
49772,CM,930,ALLARD CREEK,230.2461266
49777,CM,931,JOHNSTON CREEK,53.6578429
49792,CM,934,NICKNAQUEET RIVER,56.75621115
49882,CM,701,EAGLE CREEK,8.979860475
50228,CM,1023,AALTANHASH RIVER,67.83863988
50233,CM,1024,MARMOT COVE CREEK,167.9849229
50238,CM,1025,SCOW BAY CREEK,363.48326
50243,CM,1026,KLEKANE RIVER,84.63262683
50458,CM,935,WANNOCK RIVER,7610.236394
51228,CM,1018,GREEN RIVER,3468.731629
51233,CM,1019,TAYLOR CREEK,34.70600502
51238,CM,1020,MARSHALL CREEK,49.23566717
51243,CM,1021,KHUTZE RIVER,1985.119999
51613,CM,937,AMBACK CREEK,19.38679984
51618,CM,938,DALLERY CREEK,40.83689877
51623,CM,939,ASHLULM CREEK,53.0082692
51628,CM,940,MACHMELL RIVER,12
51633,CM,941,NEECHANZ RIVER,10
51638,CM,942,GENESEE CREEK,10.98567113
51653,CM,945,WASHWASH RIVER,6.842554289
51663,CM,947,KILBELLA RIVER,617.2602943
51668,CM,948,CHUCKWALLA RIVER,1262.607347
51673,CM,949,CLYAK RIVER,2829.26466
51678,CM,950,YOUNG RIVER,630.4844735
51683,CM,951,NIEL CREEK,379.5163027
51688,CM,952,MILTON RIVER,86.91357824
51693,CM,953,MACNAIR CREEK,813.7906502
51703,CM,955,BEAVER CREEK,183.7891195
51713,CM,957,KOEYE RIVER,455.3297043
51718,CM,958,COLD CREEK,34.99635512
51723,CM,959,NAMU RIVER,97.73846765
51728,CM,960,NOOTUM RIVER,632.5785868
51733,CM,961,QUATLENA RIVER,754.4457687
51738,CM,962,KWATNA RIVER,5065.383614
51743,CM,963,THORWALD CREEK,2
51748,CM,964,ASSEEK RIVER,136.3622812
51753,CM,965,TALEOMEY RIVER,562.0095036
51758,CM,966,NOEICK RIVER,509.7647822
51763,CM,967,CAMP CREEK,111.4387917
51771,CM,968,BELLA COOLA RIVER,45883.38926
51772,CM,968,BELLA COOLA RIVER,7937.00526
51778,CM,969,SNOOTLI CREEK,2704.332447
51788,CM,971,NECLEETSCONNAY RIVER,2086.869455
51793,CM,972,NIEUMIAMUS CREEK,300.7635062
51798,CM,973,NOOSESECK RIVER,594.0508816
51803,CM,974,NUSASH CREEK,16.5487546
51808,CM,975,DEAN RIVER,1227.167533
51813,CM,976,GRANTHAM CREEK,1805.448182
51818,CM,977,KIMSQUIT RIVER,32549.33876
51823,CM,978,SKOWQUILTZ RIVER,588.7127239
51828,CM,979,DEEP BAY CREEK,94.07489736
51833,CM,980,STEELHEAD CREEK,17.18771928
51838,CM,981,NASCALL CREEK,7.745966692
51843,CM,7990611,WORAN CREEK,486.181285
51848,CM,983,CASCADE RIVER,6312.941888
51853,CM,984,ELCHO CREEK,7340.180568
51858,CM,985,FRENCHMAN CREEK,894.9231124
51863,CM,986,MARTIN RIVER,970.2044277
51868,CM,987,GOAT BUSHU CREEK,
51873,CM,988,WALKER LAKE CREEK,263.8085383
51878,CM,989,CLATSE CREEK,4760.534672
51883,CM,990,RAINBOW CREEK,96.86600138
51888,CM,991,ROSCOE CREEK,18707.43254
51893,CM,992,LEE CREEK,942.6793454
51898,CM,993,QUARTCHA CREEK,3132.818554
51903,CM,994,EMILY CREEK,53.18295897
51908,CM,995,BULLOCK CHANNEL CREEKS,1365.270755
51913,CM,996,ELLERSLIE LAGOON CREEK,101.9426547
51918,CM,997,PINE RIVER,156.0149925
51928,CM,999,NEEKAS CREEK,23690.98943
51933,CM,1000,SPILLER LAGOON CREEK,338.9232085
51938,CM,1001,TANKEEAH RIVER,513.7259377
51953,CM,1004,WINDFALL CREEK,541.8324792
51958,CM,1005,TOM BAY CREEK,193.6772052
51963,CM,1006,NAMELESS CREEK,1780.889319
51968,CM,1007,SALMON BAY CREEK,3090.008004
51973,CM,1008,HIRD POINT CREEK,299.0757547
51978,CM,1009,LARD CREEK,1035.499515
51983,CM,1010,KAINET CREEK,24913.47042
51988,CM,1011,BIG CREEK,
51993,CM,1012,BIG BAY CREEK,710.0249775
51998,CM,1013,KORICH CREEK,242.8327069
52003,CM,1014,POISON COVE CREEK,511.5376066
52008,CM,1015,MUSSEL RIVER,14250.91182
52013,CM,1016,BOLIN BAY CREEK,278.2060123
52018,CM,1017,CARTER RIVER,259.9223916
52856,CM,1135,DREW CREEK,
42779,CN,1836,DUTHIE CREEK,
42789,CN,1838,CANOONA RIVER,5
42794,CN,1839,SODA CREEK,43.30127019
43274,CN,1840,LITTLE CREEK,25
43814,CN,1843,BLEE CREEK,4
43819,CN,1844,BLOOMFIELD CREEK,4
43829,CN,1846,DALLY CREEK,4
43874,CN,1850,ARNOUP CREEK,4
43994,CN,1874,LIMESTONE CREEK,2
44004,CN,1876,DON CREEK,25
44409,CN,1957,WEST CREEK,1
45645,CN,358,ATNARKO SPAWNING CHANNEL,104.2165857
46111,CN,201,GREEN RIVER,
48503,CN,454,JOHNSTON CREEK,547.2623264
49793,CN,934,NICKNAQUEET RIVER,6
50229,CN,1023,AALTANHASH RIVER,19.22280744
50239,CN,1025,SCOW BAY CREEK,75
50244,CN,1026,KLEKANE RIVER,4
50459,CN,935,WANNOCK RIVER,2642.862445
51229,CN,1018,GREEN RIVER,1.817120593
51244,CN,1021,KHUTZE RIVER,51.60209286
51614,CN,937,AMBACK CREEK,17.09975947
51619,CN,938,DALLERY CREEK,34.41827689
51624,CN,939,ASHLULM CREEK,28.55083468
51634,CN,941,NEECHANZ RIVER,69.49629382
51639,CN,942,GENESEE CREEK,2
51644,CN,943,SHEEMAHANT RIVER,77.5922787
51649,CN,944,INZIANA RIVER,1
51654,CN,945,WASHWASH RIVER,19.63458783
51659,CN,946,TZEO RIVER,56.53207308
51664,CN,947,KILBELLA RIVER,255.2530002
51669,CN,948,CHUCKWALLA RIVER,145.8301103
51674,CN,949,CLYAK RIVER,20.42370217
51694,CN,953,MACNAIR CREEK,1
51714,CN,957,KOEYE RIVER,10
51739,CN,962,KWATNA RIVER,190.4575218
51754,CN,965,TALEOMEY RIVER,34.35759677
51759,CN,966,NOEICK RIVER,47.98843273
51773,CN,968,BELLA COOLA RIVER,15422.92252
51784,CN,970,ATNARKO RIVER,13316.77214
51809,CN,975,DEAN RIVER,1992.84574
51819,CN,977,KIMSQUIT RIVER,200.2177316
51854,CN,984,ELCHO CREEK,8.840539154
51984,CN,1010,KAINET CREEK,12.33106037
52004,CN,1014,POISON COVE CREEK,
52009,CN,1015,MUSSEL RIVER,20.37982774
52019,CN,1017,CARTER RIVER,25
52858,CN,1135,DREW CREEK,4.472135955
7549,CN,2250,NUSATSUM RIVER,500
7552,CN,3403,SALLOOMT RIVER,64.20986956
3118,CO,2090,AIRPORT SIDE CHANNEL,13.67845072
3120,CO,2092,GARBAGE DUMP CREEK,14.87249615
3124,CO,2093,GEORGE HALL CREEK,13.52627065
3127,CO,2095,SKIMLETS CREEK,5.849797879
3134,CO,2242,THORSEN CREEK,179.7435811
3136,CO,2243,SNOOKA CREEK,25.37447596
3139,CO,2244,NOOHALK CREEK,72.29867455
3140,CO,2245,NOOKLIKONNIK CREEK,53.30930202
3144,CO,2246,FISH CREEK,60.37853738
3146,CO,2273,MOLLY CREEK,39.36362153
3147,CO,2676,CHARTER CREEK,18.26288356
3148,CO,2677,CROFT CREEK,10.94308456
3149,CO,2678,FORESTRY CREEK,
3150,CO,2680,MARTY'S CREEK,4.835458128
3151,CO,2682,SATO CREEK,23.60433446
3161,CO,3403,SALLOOMT RIVER,428.876841
3164,CO,3455,HAGENSBORG SLOUGH,43.06386798
3172,CO,2769,ROBO'S CREEK,29.15251917
3177,CO,2240,TALCHAKO RIVER,2096.481356
3178,CO,2241,TASTSQUAN CREEK,
3179,CO,2250,NUSATSUM RIVER,287.960579
39762,CO,1436,HEAD CREEK,31.6227766
42701,CO,1821,GULL CREEK,90.40229133
42706,CO,1822,OSMENT CREEK,47.27615679
42711,CO,1823,KWAKWA CREEK,171.0466183
42716,CO,1824,MEYERS PASS CREEK,15.2529084
42721,CO,1825,GORILLA CREEK,47.20437556
42741,CO,1829,LAGOON CREEK,87.95051058
42746,CO,1830,MARY COVE CREEK,67.80689534
42751,CO,1831,WATSON BAY CREEK,75
42756,CO,1832,BOTTLENECK CREEK,22.25948638
42761,CO,1833,JAMES BAY CREEK,73.84286772
42766,CO,1834,CANYON CREEK,3.634241186
42771,CO,1835,GEISH CREEK,75
42776,CO,1836,DUTHIE CREEK,47.86501736
42781,CO,1837,WINDY BAY CREEK,21.76112845
42786,CO,1838,CANOONA RIVER,1100.169057
42791,CO,1839,SODA CREEK,70.7166702
42826,CO,1588,LAGOON CREEK,402.1722986
42861,CO,1595,THORSEN CREEK,39.12601205
43241,CO,1809,MCLOUGHLIN CREEK,219.173749
43246,CO,1810,SHIP POINT CREEK,144.2797086
43251,CO,1811,WAHGILAH CREEK,60
43256,CO,1812,SOUND POINT LAGOON CREEK,213.628573
43261,CO,1813,KWAKUSDIS RIVER,320.248726
43266,CO,1814,HAUSER CREEK,12.24744871
43271,CO,1840,LITTLE CREEK,25.53044969
43286,CO,1709,WINDY BAY CREEK,40.12029099
43651,CO,1783,CHIC CHIC CREEK,10
43656,CO,1784,DE COSMOS LAGOON CREEK,10
43661,CO,1785,CRAB HARBOUR CREEK,70.07259184
43666,CO,1786,WATT CREEK,208.806532
43671,CO,1787,KILDIDT CREEK,190.0453039
43681,CO,1789,STEWART CREEK,216.6751805
43701,CO,1793,KISAMEET RIVER,220.0085158
43706,CO,1794,SAGAR CREEK,251.5008766
43716,CO,1796,HOOK NOSE CREEK,360.5960757
43721,CO,1797,FOUR LAKES CREEK,21.31073798
43736,CO,1800,KADJUSDIS RIVER,932.0650968
43741,CO,1801,KUNSOOT RIVER,373.5662464
43746,CO,1802,DREW CREEK,11.18033989
43756,CO,1804,SALLY CREEK,133.3852056
43761,CO,1805,LILIAN CREEK,300
43766,CO,1806,DEER PASS LAGOON CREEKS,70.60878259
43771,CO,1807,WEBSTER LAKE CREEK,38.70109142
43776,CO,1808,KWAKIUTL CREEK,25
43786,CO,1816,BULLEY BAY CREEK,3.464101615
43791,CO,1817,PRICE CREEK,266.3687192
43801,CO,1841,QUIGLEY CREEK,168.9075803
43806,CO,1842,POWLES CREEK,177.3707409
43811,CO,1843,BLEE CREEK,46.52734718
43816,CO,1844,BLOOMFIELD CREEK,147.5126569
43821,CO,1845,FIFER COVE CREEK,5
43826,CO,1846,DALLY CREEK,24.46207469
43871,CO,1850,ARNOUP CREEK,315.5775001
43876,CO,1851,RONALD CREEK,47.01690851
43881,CO,1852,NIAS CREEK,314.5175404
43886,CO,1853,PACKE CREEK,192.3240568
43891,CO,1854,TYLER CREEK,327.4695234
43896,CO,1855,PYNE CREEK,123.7130169
43901,CO,1856,BUSEY CREEK,78.55697946
43906,CO,1857,TRAHEY CREEK,49.55324954
43911,CO,1858,STEEP CREEK,268.2209066
43916,CO,1859,DALLAIN CREEK,295.5933998
43921,CO,1860,TALAMOOSA CREEK,325.5485464
43926,CO,1861,KENT INLET LAGOON CREEK,141.4213562
43931,CO,1862,EVINRUDE CREEK,161.4054238
43936,CO,1863,WALE CREEK,343.4852942
43991,CO,1874,LIMESTONE CREEK,281.3990305
43996,CO,1875,FURY CREEK,203.418479
44001,CO,1876,DON CREEK,181.7751654
44006,CO,1877,LINNEA CREEK,189.8572475
44011,CO,1878,DUFFEY CREEK,234.9835849
44021,CO,1880,KDELMASHAN CREEK,478.8055249
44026,CO,1881,SENTINEL CREEK,333.4979881
44031,CO,1882,CLIFFORD CREEK,589.050459
44036,CO,1883,FLUX CREEK,203.3090217
44041,CO,1884,MCDONALD CREEK,256.6412892
44046,CO,1885,LITTLE KETTLE CREEK,54.77225575
44051,CO,1886,SALMON CREEK,862.0679571
44056,CO,1887,EAGLE CREEK,803.0752205
44061,CO,1888,TRENEMAN CREEK,156.2205744
44066,CO,1889,STANNARD CREEK,275.1005231
44076,CO,1891,WEST CREEK,272.2539462
44176,CO,1911,LAGOON CREEK,25
44181,CO,1912,STEWART CREEK,245.0958938
44406,CO,1957,WEST CREEK,157.3760917
44416,CO,1959,HEAD CREEK,65.17012774
45642,CO,358,ATNARKO SPAWNING CHANNEL,224.5820362
46050,CO,184,STEELHEAD CREEK,93.9948705
46108,CO,201,GREEN RIVER,296.1653808
46139,CO,207,SALMON CREEK,206.5626533
47581,CO,486,PRICE CREEK,24.42021441
47984,CO,30,WEST CREEK,137.1644818
48422,CO,439,LEE CREEK,77.68081265
48500,CO,454,JOHNSTON CREEK,132.1148091
48966,CO,789,WEST CREEK,53.15293501
49170,CO,553,CANYON CREEK,170.3924816
49290,CO,577,CLIFFORD CREEK,116.989271
49546,CO,899,RAINBOW CREEK,187.9780497
49547,CO,899,RAINBOW CREEK,218.975957
49755,CO,927,ROBERT ARM CREEK,75
49760,CO,928,DRANEY CREEK,27.56814923
49765,CO,929,LOCKHART GORDON CREEK,160.1174153
49770,CO,930,ALLARD CREEK,93.12229991
49775,CO,931,JOHNSTON CREEK,417.2487595
49790,CO,934,NICKNAQUEET RIVER,17.7476833
49880,CO,701,EAGLE CREEK,6.744838932
50226,CO,1023,AALTANHASH RIVER,271.352894
50231,CO,1024,MARMOT COVE CREEK,55.9442414
50236,CO,1025,SCOW BAY CREEK,73.79806093
50241,CO,1026,KLEKANE RIVER,104.031645
50456,CO,935,WANNOCK RIVER,1009.993815
51226,CO,1018,GREEN RIVER,629.8750378
51231,CO,1019,TAYLOR CREEK,25
51236,CO,1020,MARSHALL CREEK,14.85176472
51241,CO,1021,KHUTZE RIVER,576.0131224
51606,CO,936,OWIKENO LAKE,294.2830956
51611,CO,937,AMBACK CREEK,111.9476108
51616,CO,938,DALLERY CREEK,165.0475667
51621,CO,939,ASHLULM CREEK,36.05623926
51626,CO,940,MACHMELL RIVER,200
51631,CO,941,NEECHANZ RIVER,315.2865559
51636,CO,942,GENESEE CREEK,51.38289018
51641,CO,943,SHEEMAHANT RIVER,684.6770885
51646,CO,944,INZIANA RIVER,48.20570514
51651,CO,945,WASHWASH RIVER,123.7717064
51656,CO,946,TZEO RIVER,68.70544052
51661,CO,947,KILBELLA RIVER,665.8227802
51666,CO,948,CHUCKWALLA RIVER,687.1489169
51671,CO,949,CLYAK RIVER,381.6432195
51676,CO,950,YOUNG RIVER,138.5204951
51681,CO,951,NIEL CREEK,90.85602964
51686,CO,952,MILTON RIVER,56.97990626
51691,CO,953,MACNAIR CREEK,64.77181231
51701,CO,955,BEAVER CREEK,236.2163149
51706,CO,956,THIRD CREEK,282.8427125
51711,CO,957,KOEYE RIVER,3221.72259
51721,CO,959,NAMU RIVER,777.9979866
51726,CO,960,NOOTUM RIVER,363.681484
51731,CO,961,QUATLENA RIVER,158.7401052
51736,CO,962,KWATNA RIVER,6083.717
51746,CO,964,ASSEEK RIVER,154.2770337
51751,CO,965,TALEOMEY RIVER,182.8825653
51756,CO,966,NOEICK RIVER,468.9232529
51767,CO,968,BELLA COOLA RIVER,24140.71629
51776,CO,969,SNOOTLI CREEK,82.38997054
51781,CO,970,ATNARKO RIVER,86
51786,CO,971,NECLEETSCONNAY RIVER,540.2986298
51796,CO,973,NOOSESECK RIVER,433.0144273
51806,CO,975,DEAN RIVER,3799.143398
51816,CO,977,KIMSQUIT RIVER,3041.878891
51821,CO,978,SKOWQUILTZ RIVER,223.4444554
51826,CO,979,DEEP BAY CREEK,2
51831,CO,980,STEELHEAD CREEK,8.818667041
51836,CO,981,NASCALL CREEK,26.20741394
51841,CO,7990611,WORAN CREEK,58.30569309
51846,CO,983,CASCADE RIVER,222.8658615
51851,CO,984,ELCHO CREEK,590.1085124
51856,CO,985,FRENCHMAN CREEK,567.4815844
51861,CO,986,MARTIN RIVER,1816.809095
51866,CO,987,GOAT BUSHU CREEK,12.24744871
51876,CO,989,CLATSE CREEK,38.62452422
51881,CO,990,RAINBOW CREEK,2.884499141
51886,CO,991,ROSCOE CREEK,882.3978325
51891,CO,992,LEE CREEK,64.1580914
51896,CO,993,QUARTCHA CREEK,537.7255001
51906,CO,995,BULLOCK CHANNEL CREEKS,2
51911,CO,996,ELLERSLIE LAGOON CREEK,15
51916,CO,997,PINE RIVER,319.4475967
51926,CO,999,NEEKAS CREEK,92.26955946
51931,CO,1000,SPILLER LAGOON CREEK,2
51936,CO,1001,TANKEEAH RIVER,453.2321233
51951,CO,1004,WINDFALL CREEK,3
51956,CO,1005,TOM BAY CREEK,11.44714243
51961,CO,1006,NAMELESS CREEK,67.25327474
51966,CO,1007,SALMON BAY CREEK,22.1571345
51971,CO,1008,HIRD POINT CREEK,3.16227766
51976,CO,1009,LARD CREEK,17.50670293
51981,CO,1010,KAINET CREEK,345.9079467
51986,CO,1011,BIG CREEK,12.88510782
51991,CO,1012,BIG BAY CREEK,12.24744871
51996,CO,1013,KORICH CREEK,32.59844428
52001,CO,1014,POISON COVE CREEK,135.908343
52006,CO,1015,MUSSEL RIVER,321.0303433
52011,CO,1016,BOLIN BAY CREEK,138.7766915
52016,CO,1017,CARTER RIVER,64.94143483
52167,CO,1312,COLD CREEK,13.11095701
52401,CO,1078,BEAVER CREEK,50
52852,CO,1135,DREW CREEK,
3117,PKE,2090,AIRPORT SIDE CHANNEL,447.2135955
3131,PKE,2239,CLAYTON FALLS CREEK,4000
3133,PKE,2242,THORSEN CREEK,1215.030849
3137,PKE,2244,NOOHALK CREEK,34.64101615
3142,PKE,2246,FISH CREEK,215
3162,PKE,3403,SALLOOMT RIVER,3122.498999
3173,PKE,2241,TASTSQUAN CREEK,430.1162634
3228,PKE,2830,KAMIN CREEK,30
3229,PKE,2831,GOIN CREEK,94.02511778
3422,PKE,2689,BULLOCK CHANNEL #2 CREEK,396.071072
3424,PKE,2690,BULLOCK CHANNEL #3 NORTH CREEK,66.94329501
3426,PKE,2691,BULLOCK CHANNEL #3 SOUTH CREEK,58.28476683
3449,PKE,3555,JENNY BAY EAST CREEK,31.06154397
3451,PKE,2693,JENNY BAY SOUTH CREEK,90.40499161
3453,PKE,2692,JENNY BAY WEST CREEK,146.5370924
39764,PKE,1436,HEAD CREEK,75
42702,PKE,1821,GULL CREEK,301.8938107
42707,PKE,1822,OSMENT CREEK,92.07216809
42712,PKE,1823,KWAKWA CREEK,227.2887998
42717,PKE,1824,MEYERS PASS CREEK,38.12887913
42722,PKE,1825,GORILLA CREEK,110.4399884
42737,PKE,1828,CALDER CREEK,80
42742,PKE,1829,LAGOON CREEK,166.7824966
42747,PKE,1830,MARY COVE CREEK,76.51829439
42752,PKE,1831,WATSON BAY CREEK,854.7581872
42757,PKE,1832,BOTTLENECK CREEK,562.5685326
42762,PKE,1833,JAMES BAY CREEK,9526.524463
42767,PKE,1834,CANYON CREEK,681.1031983
42772,PKE,1835,GEISH CREEK,80.54904263
42777,PKE,1836,DUTHIE CREEK,4153.080649
42782,PKE,1837,WINDY BAY CREEK,488.384689
42787,PKE,1838,CANOONA RIVER,1835.065471
42792,PKE,1839,SODA CREEK,5269.611239
42827,PKE,1588,LAGOON CREEK,89.74444661
42862,PKE,1595,THORSEN CREEK,127.6101735
43242,PKE,1809,MCLOUGHLIN CREEK,528.8511641
43247,PKE,1810,SHIP POINT CREEK,35.25468767
43257,PKE,1812,SOUND POINT LAGOON CREEK,3
43262,PKE,1813,KWAKUSDIS RIVER,4425.475669
43272,PKE,1840,LITTLE CREEK,409.1970293
43287,PKE,1709,WINDY BAY CREEK,19610.71844
43647,PKE,1782,OATSOALIS CREEK,443.5026855
43657,PKE,1784,DE COSMOS LAGOON CREEK,49.03550052
43662,PKE,1785,CRAB HARBOUR CREEK,100.7879704
43667,PKE,1786,WATT CREEK,324.0370349
43682,PKE,1789,STEWART CREEK,387.2983346
43697,PKE,1792,GRASSY BAY CREEK,13
43702,PKE,1793,KISAMEET RIVER,919.7642163
43707,PKE,1794,SAGAR CREEK,
43717,PKE,1796,HOOK NOSE CREEK,1955.662556
43722,PKE,1797,FOUR LAKES CREEK,109.4287381
43732,PKE,1799,GREEN RIVER,265.7083443
43737,PKE,1800,KADJUSDIS RIVER,2827.786048
43742,PKE,1801,KUNSOOT RIVER,6264.552565
43747,PKE,1802,DREW CREEK,10
43757,PKE,1804,SALLY CREEK,164.3230278
43762,PKE,1805,LILIAN CREEK,16
43767,PKE,1806,DEER PASS LAGOON CREEKS,75.63364672
43772,PKE,1807,WEBSTER LAKE CREEK,204.5589334
43777,PKE,1808,KWAKIUTL CREEK,25
43782,PKE,1815,ROBINSON CREEKS,76.07178901
43787,PKE,1816,BULLEY BAY CREEK,95.68978038
43792,PKE,1817,PRICE CREEK,278.4753017
43802,PKE,1841,QUIGLEY CREEK,433.8921403
43807,PKE,1842,POWLES CREEK,445.121304
43812,PKE,1843,BLEE CREEK,564.1058289
43817,PKE,1844,BLOOMFIELD CREEK,746.3274917
43822,PKE,1845,FIFER COVE CREEK,537.1250499
43827,PKE,1846,DALLY CREEK,176.9040808
43862,PKE,1848,OTTY CREEK,250
43867,PKE,1849,BUIE CREEK,2200
43872,PKE,1850,ARNOUP CREEK,7700.22085
43877,PKE,1851,RONALD CREEK,67.96721832
43882,PKE,1852,NIAS CREEK,1683.102293
43887,PKE,1853,PACKE CREEK,176.030612
43892,PKE,1854,TYLER CREEK,1199.835643
43897,PKE,1855,PYNE CREEK,1254.446962
43902,PKE,1856,BUSEY CREEK,823.2691453
43907,PKE,1857,TRAHEY CREEK,623.75277
43912,PKE,1858,STEEP CREEK,112.8615596
43917,PKE,1859,DALLAIN CREEK,320.1575651
43922,PKE,1860,TALAMOOSA CREEK,133.587757
43927,PKE,1861,KENT INLET LAGOON CREEK,200
43932,PKE,1862,EVINRUDE CREEK,454.551863
43937,PKE,1863,WALE CREEK,1190.908961
43992,PKE,1874,LIMESTONE CREEK,7253.883046
43997,PKE,1875,FURY CREEK,1807.673714
44002,PKE,1876,DON CREEK,1340.745937
44007,PKE,1877,LINNEA CREEK,149.3923332
44012,PKE,1878,DUFFEY CREEK,207.6435927
44022,PKE,1880,KDELMASHAN CREEK,1199.368186
44027,PKE,1881,SENTINEL CREEK,154.4566942
44032,PKE,1882,CLIFFORD CREEK,222.9906635
44037,PKE,1883,FLUX CREEK,272.1321233
44042,PKE,1884,MCDONALD CREEK,291.9185717
44047,PKE,1885,LITTLE KETTLE CREEK,54.77225575
44052,PKE,1886,SALMON CREEK,369.7590649
44057,PKE,1887,EAGLE CREEK,2136.955441
44062,PKE,1888,TRENEMAN CREEK,161.9929918
44067,PKE,1889,STANNARD CREEK,4316.234666
44077,PKE,1891,WEST CREEK,939.3498891
44177,PKE,1911,LAGOON CREEK,158.6987344
44182,PKE,1912,STEWART CREEK,1325.160651
44407,PKE,1957,WEST CREEK,1286.014923
44417,PKE,1959,HEAD CREEK,7585.328224
45643,PKE,358,ATNARKO SPAWNING CHANNEL,6414.793412
47582,PKE,486,PRICE CREEK,98.89214093
48501,PKE,454,JOHNSTON CREEK,173.2050808
49291,PKE,577,CLIFFORD CREEK,297.8946068
49548,PKE,899,RAINBOW CREEK,141.4213562
49751,PKE,926,HOGAN CREEK,50
49761,PKE,928,DRANEY CREEK,627.377644
49766,PKE,929,LOCKHART GORDON CREEK,587.393256
49771,PKE,930,ALLARD CREEK,109.8195241
49776,PKE,931,JOHNSTON CREEK,17150.70171
49781,PKE,932,NEWICHY CREEK,298.6295108
49786,PKE,933,SANDELL RIVER,1697.534194
49791,PKE,934,NICKNAQUEET RIVER,682.2383647
50227,PKE,1023,AALTANHASH RIVER,1783.898374
50232,PKE,1024,MARMOT COVE CREEK,945.4991088
50237,PKE,1025,SCOW BAY CREEK,6774.29154
50242,PKE,1026,KLEKANE RIVER,1557.591072
50457,PKE,935,WANNOCK RIVER,845.785711
51227,PKE,1018,GREEN RIVER,7443.072085
51232,PKE,1019,TAYLOR CREEK,81.09338182
51237,PKE,1020,MARSHALL CREEK,303.5847129
51242,PKE,1021,KHUTZE RIVER,10699.44617
51612,PKE,937,AMBACK CREEK,515.9019708
51617,PKE,938,DALLERY CREEK,1536.231267
51622,PKE,939,ASHLULM CREEK,390.7895118
51632,PKE,941,NEECHANZ RIVER,143.0969081
51637,PKE,942,GENESEE CREEK,173.4662654
51647,PKE,944,INZIANA RIVER,10
51652,PKE,945,WASHWASH RIVER,219.7552781
51657,PKE,946,TZEO RIVER,25
51662,PKE,947,KILBELLA RIVER,9930.143389
51667,PKE,948,CHUCKWALLA RIVER,26621.43206
51672,PKE,949,CLYAK RIVER,9023.805643
51677,PKE,950,YOUNG RIVER,27476.96205
51682,PKE,951,NIEL CREEK,7821.350503
51687,PKE,952,MILTON RIVER,2211.969996
51692,PKE,953,MACNAIR CREEK,800.6513096
51702,PKE,955,BEAVER CREEK,129.7090427
51712,PKE,957,KOEYE RIVER,48112.58009
51717,PKE,958,COLD CREEK,206.4458959
51722,PKE,959,NAMU RIVER,294.4296882
51727,PKE,960,NOOTUM RIVER,1867.463858
51732,PKE,961,QUATLENA RIVER,995.1875104
51737,PKE,962,KWATNA RIVER,34978.16541
51742,PKE,963,THORWALD CREEK,22
51747,PKE,964,ASSEEK RIVER,1960.052856
51752,PKE,965,TALEOMEY RIVER,597.2649824
51757,PKE,966,NOEICK RIVER,574.548981
51762,PKE,967,CAMP CREEK,168.7387149
51769,PKE,968,BELLA COOLA RIVER,662622.9531
51777,PKE,969,SNOOTLI CREEK,519.6152423
51782,PKE,970,ATNARKO RIVER,163332.3607
51787,PKE,971,NECLEETSCONNAY RIVER,12873.03445
51792,PKE,972,NIEUMIAMUS CREEK,1305.317556
51797,PKE,973,NOOSESECK RIVER,4856.823155
51802,PKE,974,NUSASH CREEK,25
51807,PKE,975,DEAN RIVER,8252.964864
51817,PKE,977,KIMSQUIT RIVER,27016.43364
51822,PKE,978,SKOWQUILTZ RIVER,1496.160153
51827,PKE,979,DEEP BAY CREEK,87.52704572
51832,PKE,980,STEELHEAD CREEK,1106.797181
51837,PKE,981,NASCALL CREEK,246.6212074
51842,PKE,7990611,WORAN CREEK,1900.254677
51847,PKE,983,CASCADE RIVER,1620.398209
51852,PKE,984,ELCHO CREEK,3902.148069
51857,PKE,985,FRENCHMAN CREEK,3097.732766
51862,PKE,986,MARTIN RIVER,424.9669919
51867,PKE,987,GOAT BUSHU CREEK,232.6172551
51872,PKE,988,WALKER LAKE CREEK,112.2472466
51877,PKE,989,CLATSE CREEK,16018.74027
51887,PKE,991,ROSCOE CREEK,708.7725432
51892,PKE,992,LEE CREEK,124.6647941
51897,PKE,993,QUARTCHA CREEK,1992.024571
51907,PKE,995,BULLOCK CHANNEL CREEKS,670.7762617
51912,PKE,996,ELLERSLIE LAGOON CREEK,300.5245414
51917,PKE,997,PINE RIVER,794.5523397
51927,PKE,999,NEEKAS CREEK,19837.65978
51932,PKE,1000,SPILLER LAGOON CREEK,100
51937,PKE,1001,TANKEEAH RIVER,593.6122879
51952,PKE,1004,WINDFALL CREEK,132.360584
51957,PKE,1005,TOM BAY CREEK,222.4490014
51962,PKE,1006,NAMELESS CREEK,5974.255696
51967,PKE,1007,SALMON BAY CREEK,8189.473908
51972,PKE,1008,HIRD POINT CREEK,718.5370717
51977,PKE,1009,LARD CREEK,398.1935065
51982,PKE,1010,KAINET CREEK,32586.0755
51987,PKE,1011,BIG CREEK,3817.867729
51992,PKE,1012,BIG BAY CREEK,694.578237
51997,PKE,1013,KORICH CREEK,1427.632208
52002,PKE,1014,POISON COVE CREEK,482.4743656
52007,PKE,1015,MUSSEL RIVER,12412.72467
52012,PKE,1016,BOLIN BAY CREEK,1979.18424
52017,PKE,1017,CARTER RIVER,7119.771898
52854,PKE,1135,DREW CREEK,25
3117,PKO,2090,AIRPORT SIDE CHANNEL,782.3042886
3121,PKO,2092,GARBAGE DUMP CREEK,44.97941445
3126,PKO,2095,SKIMLETS CREEK,4.898979486
3131,PKO,2239,CLAYTON FALLS CREEK,346.4101615
3133,PKO,2242,THORSEN CREEK,1754.876111
3137,PKO,2244,NOOHALK CREEK,207.6997641
3142,PKO,2246,FISH CREEK,41.71691715
3162,PKO,3403,SALLOOMT RIVER,2919.662833
3167,PKO,2245,NOOKLIKONNIK CREEK,342.0526275
3173,PKO,2241,TASTSQUAN CREEK,156.508458
3229,PKO,2831,GOIN CREEK,2260.445262
3422,PKO,2689,BULLOCK CHANNEL #2 CREEK,1583.862142
3424,PKO,2690,BULLOCK CHANNEL #3 NORTH CREEK,324.0433327
3426,PKO,2691,BULLOCK CHANNEL #3 SOUTH CREEK,110.4450115
3449,PKO,3555,JENNY BAY EAST CREEK,330.2722781
3451,PKO,2693,JENNY BAY SOUTH CREEK,1156.764345
3453,PKO,2692,JENNY BAY WEST CREEK,2937.865401
42702,PKO,1821,GULL CREEK,65.89903146
42707,PKO,1822,OSMENT CREEK,28.06455725
42712,PKO,1823,KWAKWA CREEK,59.957799
42717,PKO,1824,MEYERS PASS CREEK,7.686581736
42722,PKO,1825,GORILLA CREEK,114.2515578
42737,PKO,1828,CALDER CREEK,38.72983346
42742,PKO,1829,LAGOON CREEK,257.7345806
42747,PKO,1830,MARY COVE CREEK,44.7522342
42752,PKO,1831,WATSON BAY CREEK,158.7072081
42757,PKO,1832,BOTTLENECK CREEK,250.4840738
42762,PKO,1833,JAMES BAY CREEK,8073.549155
42767,PKO,1834,CANYON CREEK,829.121103
42772,PKO,1835,GEISH CREEK,317.4802104
42777,PKO,1836,DUTHIE CREEK,1636.984824
42782,PKO,1837,WINDY BAY CREEK,353.0031841
42787,PKO,1838,CANOONA RIVER,9216.385594
42792,PKO,1839,SODA CREEK,5750.830219
42827,PKO,1588,LAGOON CREEK,70.49724391
42862,PKO,1595,THORSEN CREEK,14.345029
43242,PKO,1809,MCLOUGHLIN CREEK,350.6467187
43247,PKO,1810,SHIP POINT CREEK,24.84894649
43262,PKO,1813,KWAKUSDIS RIVER,6557.484549
43267,PKO,1814,HAUSER CREEK,51.80040128
43272,PKO,1840,LITTLE CREEK,392.5911886
43287,PKO,1709,WINDY BAY CREEK,31.6227766
43657,PKO,1784,DE COSMOS LAGOON CREEK,25.87340237
43662,PKO,1785,CRAB HARBOUR CREEK,31.91825287
43667,PKO,1786,WATT CREEK,500
43672,PKO,1787,KILDIDT CREEK,42.17163327
43682,PKO,1789,STEWART CREEK,1000
43702,PKO,1793,KISAMEET RIVER,509.9312115
43707,PKO,1794,SAGAR CREEK,414.0756627
43717,PKO,1796,HOOK NOSE CREEK,1763.528656
43722,PKO,1797,FOUR LAKES CREEK,93.27401712
43732,PKO,1799,GREEN RIVER,302.4343331
43737,PKO,1800,KADJUSDIS RIVER,1807.674905
43742,PKO,1801,KUNSOOT RIVER,3781.394493
43747,PKO,1802,DREW CREEK,50
43757,PKO,1804,SALLY CREEK,68.68082957
43767,PKO,1806,DEER PASS LAGOON CREEKS,145.0152998
43772,PKO,1807,WEBSTER LAKE CREEK,484.8416875
43777,PKO,1808,KWAKIUTL CREEK,167.3320053
43782,PKO,1815,ROBINSON CREEKS,41.28917917
43787,PKO,1816,BULLEY BAY CREEK,49.0736659
43792,PKO,1817,PRICE CREEK,159.1178919
43802,PKO,1841,QUIGLEY CREEK,137.9274263
43807,PKO,1842,POWLES CREEK,332.0390712
43812,PKO,1843,BLEE CREEK,217.357493
43817,PKO,1844,BLOOMFIELD CREEK,273.9648303
43822,PKO,1845,FIFER COVE CREEK,91.32652557
43827,PKO,1846,DALLY CREEK,61.53963725
43872,PKO,1850,ARNOUP CREEK,2945.497721
43877,PKO,1851,RONALD CREEK,17.84936806
43882,PKO,1852,NIAS CREEK,1286.556115
43887,PKO,1853,PACKE CREEK,127.1829934
43892,PKO,1854,TYLER CREEK,730.5882618
43897,PKO,1855,PYNE CREEK,271.5994163
43902,PKO,1856,BUSEY CREEK,69.57894209
43907,PKO,1857,TRAHEY CREEK,235.1793813
43912,PKO,1858,STEEP CREEK,129.8854871
43917,PKO,1859,DALLAIN CREEK,115.4863437
43922,PKO,1860,TALAMOOSA CREEK,105.9634023
43932,PKO,1862,EVINRUDE CREEK,181.7947474
43937,PKO,1863,WALE CREEK,672.1825563
43992,PKO,1874,LIMESTONE CREEK,4900.22532
43997,PKO,1875,FURY CREEK,366.2883368
44002,PKO,1876,DON CREEK,163.7277566
44007,PKO,1877,LINNEA CREEK,358.9645843
44012,PKO,1878,DUFFEY CREEK,288.4453905
44022,PKO,1880,KDELMASHAN CREEK,546.4382469
44027,PKO,1881,SENTINEL CREEK,105.9634023
44032,PKO,1882,CLIFFORD CREEK,623.6397065
44037,PKO,1883,FLUX CREEK,65.33965424
44042,PKO,1884,MCDONALD CREEK,162.2671112
44047,PKO,1885,LITTLE KETTLE CREEK,7.071067812
44052,PKO,1886,SALMON CREEK,345.0435899
44057,PKO,1887,EAGLE CREEK,324.1357761
44062,PKO,1888,TRENEMAN CREEK,75.56046953
44067,PKO,1889,STANNARD CREEK,1266.762647
44077,PKO,1891,WEST CREEK,110.3551232
44177,PKO,1911,LAGOON CREEK,133.3548306
44182,PKO,1912,STEWART CREEK,948.7766557
44407,PKO,1957,WEST CREEK,91.73147546
44417,PKO,1959,HEAD CREEK,3786.96505
45304,PKO,2030,KLEMTU CREEK,636.3961031
45643,PKO,358,ATNARKO SPAWNING CHANNEL,1907.919387
46051,PKO,184,STEELHEAD CREEK,
47582,PKO,486,PRICE CREEK,152.8908816
48501,PKO,454,JOHNSTON CREEK,419.3525778
49291,PKO,577,CLIFFORD CREEK,478.6966131
49548,PKO,899,RAINBOW CREEK,25
49756,PKO,927,ROBERT ARM CREEK,25
49761,PKO,928,DRANEY CREEK,221.690538
49766,PKO,929,LOCKHART GORDON CREEK,339.6151415
49771,PKO,930,ALLARD CREEK,104.9336228
49776,PKO,931,JOHNSTON CREEK,4762.355211
49781,PKO,932,NEWICHY CREEK,50
49786,PKO,933,SANDELL RIVER,70.71067812
49791,PKO,934,NICKNAQUEET RIVER,421.1897864
50227,PKO,1023,AALTANHASH RIVER,3206.359209
50232,PKO,1024,MARMOT COVE CREEK,1094.483672
50237,PKO,1025,SCOW BAY CREEK,7859.587666
50242,PKO,1026,KLEKANE RIVER,1518.685825
50457,PKO,935,WANNOCK RIVER,342.4188982
51227,PKO,1018,GREEN RIVER,9630.07587
51232,PKO,1019,TAYLOR CREEK,50.01890743
51237,PKO,1020,MARSHALL CREEK,245.3284608
51242,PKO,1021,KHUTZE RIVER,16214.51972
51612,PKO,937,AMBACK CREEK,179.1234083
51617,PKO,938,DALLERY CREEK,517.5004653
51622,PKO,939,ASHLULM CREEK,347.1386714
51632,PKO,941,NEECHANZ RIVER,282.52345
51637,PKO,942,GENESEE CREEK,308.9370458
51647,PKO,944,INZIANA RIVER,40
51652,PKO,945,WASHWASH RIVER,49.66097134
51662,PKO,947,KILBELLA RIVER,9469.20448
51667,PKO,948,CHUCKWALLA RIVER,19207.42017
51672,PKO,949,CLYAK RIVER,296.7495348
51677,PKO,950,YOUNG RIVER,97.91483624
51682,PKO,951,NIEL CREEK,169.5605722
51687,PKO,952,MILTON RIVER,452.7232463
51692,PKO,953,MACNAIR CREEK,452.5141184
51702,PKO,955,BEAVER CREEK,89.1301229
51707,PKO,956,THIRD CREEK,8000
51712,PKO,957,KOEYE RIVER,49130.00469
51717,PKO,958,COLD CREEK,100
51722,PKO,959,NAMU RIVER,382.803496
51727,PKO,960,NOOTUM RIVER,687.6260536
51732,PKO,961,QUATLENA RIVER,457.1271906
51737,PKO,962,KWATNA RIVER,49084.83075
51747,PKO,964,ASSEEK RIVER,674.5098349
51752,PKO,965,TALEOMEY RIVER,631.9455266
51757,PKO,966,NOEICK RIVER,795.3156037
51762,PKO,967,CAMP CREEK,48.84292601
51769,PKO,968,BELLA COOLA RIVER,362256.4229
51777,PKO,969,SNOOTLI CREEK,849.0184749
51782,PKO,970,ATNARKO RIVER,159244.1522
51787,PKO,971,NECLEETSCONNAY RIVER,2928.220655
51792,PKO,972,NIEUMIAMUS CREEK,739.2838281
51797,PKO,973,NOOSESECK RIVER,4222.279509
51807,PKO,975,DEAN RIVER,6361.611268
51812,PKO,976,GRANTHAM CREEK,31.6227766
51817,PKO,977,KIMSQUIT RIVER,1021.657808
51822,PKO,978,SKOWQUILTZ RIVER,985.0700233
51827,PKO,979,DEEP BAY CREEK,63.62691554
51832,PKO,980,STEELHEAD CREEK,165.0963624
51837,PKO,981,NASCALL CREEK,254.5821685
51842,PKO,7990611,WORAN CREEK,944.3589145
51847,PKO,983,CASCADE RIVER,1242.362839
51852,PKO,984,ELCHO CREEK,5563.024627
51857,PKO,985,FRENCHMAN CREEK,4834.940723
51862,PKO,986,MARTIN RIVER,685.6518737
51867,PKO,987,GOAT BUSHU CREEK,164.1034188
51872,PKO,988,WALKER LAKE CREEK,96.80001597
51877,PKO,989,CLATSE CREEK,12640.83533
51882,PKO,990,RAINBOW CREEK,6.524715888
51887,PKO,991,ROSCOE CREEK,3161.701099
51892,PKO,992,LEE CREEK,432.9561966
51897,PKO,993,QUARTCHA CREEK,4539.058677
51907,PKO,995,BULLOCK CHANNEL CREEKS,182.1852732
51912,PKO,996,ELLERSLIE LAGOON CREEK,531.3292846
51917,PKO,997,PINE RIVER,723.7400534
51927,PKO,999,NEEKAS CREEK,9336.929773
51932,PKO,1000,SPILLER LAGOON CREEK,11.83215957
51937,PKO,1001,TANKEEAH RIVER,487.2688024
51952,PKO,1004,WINDFALL CREEK,85.12160932
51957,PKO,1005,TOM BAY CREEK,159.0071237
51962,PKO,1006,NAMELESS CREEK,1895.083921
51967,PKO,1007,SALMON BAY CREEK,3246.27946
51972,PKO,1008,HIRD POINT CREEK,732.8802202
51977,PKO,1009,LARD CREEK,431.9921768
51982,PKO,1010,KAINET CREEK,52760.3129
51987,PKO,1011,BIG CREEK,3307.749036
51992,PKO,1012,BIG BAY CREEK,832.1722166
51997,PKO,1013,KORICH CREEK,3644.144894
52002,PKO,1014,POISON COVE CREEK,541.1752312
52007,PKO,1015,MUSSEL RIVER,35671.16827
52012,PKO,1016,BOLIN BAY CREEK,1394.103177
52017,PKO,1017,CARTER RIVER,8753.074141
52854,PKO,1135,DREW CREEK,20
3262,SEL,2834,LIMESTONE CREEK,
42700,SEL,1821,GULL CREEK,76.10164864
42710,SEL,1823,KWAKWA CREEK,1223.814983
42740,SEL,1829,LAGOON CREEK,278.6218303
42745,SEL,1830,MARY COVE CREEK,411.3848525
42785,SEL,1838,CANOONA RIVER,1243.524672
43240,SEL,1809,MCLOUGHLIN CREEK,131.5867009
43245,SEL,1810,SHIP POINT CREEK,152.6607781
43255,SEL,1812,SOUND POINT LAGOON CREEK,234.2975344
43260,SEL,1813,KWAKUSDIS RIVER,335.9656605
43650,SEL,1783,CHIC CHIC CREEK,50
43665,SEL,1786,WATT CREEK,
43670,SEL,1787,KILDIDT CREEK,175.3306941
43700,SEL,1793,KISAMEET RIVER,402.6789098
43715,SEL,1796,HOOK NOSE CREEK,263.5816667
43735,SEL,1800,KADJUSDIS RIVER,987.4221122
43740,SEL,1801,KUNSOOT RIVER,1.861209718
43790,SEL,1817,PRICE CREEK,673.0007939
43805,SEL,1842,POWLES CREEK,59.22326227
43815,SEL,1844,BLOOMFIELD CREEK,399.0865948
43890,SEL,1854,TYLER CREEK,2.714417617
43900,SEL,1856,BUSEY CREEK,444.181231
43915,SEL,1859,DALLAIN CREEK,182.7509584
43920,SEL,1860,TALAMOOSA CREEK,237.4782218
43925,SEL,1861,KENT INLET LAGOON CREEK,473.800117
43930,SEL,1862,EVINRUDE CREEK,179.2331496
43935,SEL,1863,WALE CREEK,185.8662753
43990,SEL,1874,LIMESTONE CREEK,329.3031101
44020,SEL,1880,KDELMASHAN CREEK,431.3832953
44040,SEL,1884,MCDONALD CREEK,266.2997292
44060,SEL,1888,TRENEMAN CREEK,23.20794417
44065,SEL,1889,STANNARD CREEK,279.2434854
44075,SEL,1891,WEST CREEK,202.8447016
45062,SEL,2411,WATT CREEK,
46049,SEL,184,STEELHEAD CREEK,6
46107,SEL,201,GREEN RIVER,
46137,SEL,207,SALMON CREEK,50
48499,SEL,454,JOHNSTON CREEK,20
50455,SEL,935,WANNOCK RIVER,52934.37337
51605,SEL,936,OWIKENO LAKE,3651.619774
51610,SEL,937,AMBACK CREEK,18423.77847
51615,SEL,938,DALLERY CREEK,10976.11618
51620,SEL,939,ASHLULM CREEK,5221.686765
51625,SEL,940,MACHMELL RIVER,8474.454601
51630,SEL,941,NEECHANZ RIVER,12465.14459
51635,SEL,942,GENESEE CREEK,2286.772006
51640,SEL,943,SHEEMAHANT RIVER,49647.61636
51645,SEL,944,INZIANA RIVER,12826.62797
51650,SEL,945,WASHWASH RIVER,16636.14218
51655,SEL,946,TZEO RIVER,3711.10845
51700,SEL,955,BEAVER CREEK,58.79746898
51705,SEL,956,THIRD CREEK,200
51710,SEL,957,KOEYE RIVER,2089.569805
51720,SEL,959,NAMU RIVER,1269.533337
51815,SEL,977,KIMSQUIT RIVER,9352.559032
51915,SEL,997,PINE RIVER,137.9326165
51935,SEL,1001,TANKEEAH RIVER,1598.404875
51980,SEL,1010,KAINET CREEK,677.4096288
52165,SEL,1312,COLD CREEK,
3166,SER,971,NECLEETSCONNAY RIVER,30
40555,SER,1263,BEAVER CREEK,150
42705,SER,1822,OSMENT CREEK,1
42750,SER,1831,WATSON BAY CREEK,1
42760,SER,1833,JAMES BAY CREEK,3.55443963
42790,SER,1839,SODA CREEK,4.702859276
42825,SER,1588,LAGOON CREEK,1
43250,SER,1811,WAHGILAH CREEK,200
43270,SER,1840,LITTLE CREEK,1.189207115
43755,SER,1804,SALLY CREEK,53.63495411
43765,SER,1806,DEER PASS LAGOON CREEKS,198.0553351
43780,SER,1815,ROBINSON CREEKS,25
43785,SER,1816,BULLEY BAY CREEK,1
43800,SER,1841,QUIGLEY CREEK,187.5856843
43810,SER,1843,BLEE CREEK,1.706736837
43820,SER,1845,FIFER COVE CREEK,25
43825,SER,1846,DALLY CREEK,4
43870,SER,1850,ARNOUP CREEK,5.060236021
43875,SER,1851,RONALD CREEK,1
43880,SER,1852,NIAS CREEK,19.14736502
43895,SER,1855,PYNE CREEK,5
43905,SER,1857,TRAHEY CREEK,1.414213562
43910,SER,1858,STEEP CREEK,100
43995,SER,1875,FURY CREEK,277.3595951
44000,SER,1876,DON CREEK,122.9754743
44010,SER,1878,DUFFEY CREEK,483.2989585
44025,SER,1881,SENTINEL CREEK,526.084307
44030,SER,1882,CLIFFORD CREEK,822.3731139
44035,SER,1883,FLUX CREEK,90.28804514
44050,SER,1886,SALMON CREEK,310.8812564
44055,SER,1887,EAGLE CREEK,548.529727
45641,SER,358,ATNARKO SPAWNING CHANNEL,16.48686404
48964,SER,789,WEST CREEK,500
49759,SER,928,DRANEY CREEK,2.924017738
49764,SER,929,LOCKHART GORDON CREEK,2.213363839
49774,SER,931,JOHNSTON CREEK,3.16227766
50225,SER,1023,AALTANHASH RIVER,3.652350019
50235,SER,1025,SCOW BAY CREEK,1.383087554
50240,SER,1026,KLEKANE RIVER,2.195579767
51225,SER,1018,GREEN RIVER,13.12217711
51240,SER,1021,KHUTZE RIVER,3.790313586
51665,SER,948,CHUCKWALLA RIVER,6
51675,SER,950,YOUNG RIVER,2
51685,SER,952,MILTON RIVER,2
51730,SER,961,QUATLENA RIVER,31.6227766
51735,SER,962,KWATNA RIVER,87.05505633
51745,SER,964,ASSEEK RIVER,12.95514917
51750,SER,965,TALEOMEY RIVER,3.684031499
51765,SER,968,BELLA COOLA RIVER,21275.49956
51775,SER,969,SNOOTLI CREEK,1
51780,SER,970,ATNARKO RIVER,5650.506786
51795,SER,973,NOOSESECK RIVER,1
51805,SER,975,DEAN RIVER,234.8699369
51820,SER,978,SKOWQUILTZ RIVER,32.01085873
51835,SER,981,NASCALL CREEK,4.37951914
51840,SER,7990611,WORAN CREEK,4.472135955
51845,SER,983,CASCADE RIVER,13.34839815
51850,SER,984,ELCHO CREEK,17.14577538
51855,SER,985,FRENCHMAN CREEK,5
51860,SER,986,MARTIN RIVER,4.949232004
51875,SER,989,CLATSE CREEK,5.354226375
51885,SER,991,ROSCOE CREEK,6.781464085
51895,SER,993,QUARTCHA CREEK,6.206113557
51905,SER,995,BULLOCK CHANNEL CREEKS,1
51925,SER,999,NEEKAS CREEK,2.267067086
51960,SER,1006,NAMELESS CREEK,1
51975,SER,1009,LARD CREEK,6.707573104
51985,SER,1011,BIG CREEK,4.932424149
51990,SER,1012,BIG BAY CREEK,3.036588972
52000,SER,1014,POISON COVE CREEK,2
52005,SER,1015,MUSSEL RIVER,23.25340425
52010,SER,1016,BOLIN BAY CREEK,1
52015,SER,1017,CARTER RIVER,6